Datetime,Water Level (m)
2026-06-14 18:00:00,0.46905354
2026-06-14 19:00:00,0.6956923
2026-06-14 20:00:00,0.80126977
2026-06-14 21:00:00,0.7109422
2026-06-14 22:00:00,0.5508453
2026-06-14 23:00:00,0.3698584
2026-06-15 00:00:00,0.17692338
2026-06-15 01:00:00,-0.008438238
2026-06-15 02:00:00,-0.1663626
2026-06-15 03:00:00,-0.23983987
2026-06-15 04:00:00,-0.07331184
2026-06-15 05:00:00,0.16832465
2026-06-15 06:00:00,0.46229133
2026-06-15 07:00:00,0.7751598
2026-06-15 08:00:00,1.0075231
2026-06-15 09:00:00,1.1013967
2026-06-15 10:00:00,0.98437744
2026-06-15 11:00:00,0.7999787
2026-06-15 12:00:00,0.5967868
2026-06-15 13:00:00,0.38496137
2026-06-15 14:00:00,0.18732996
2026-06-15 15:00:00,0.01846297
2026-06-15 16:00:00,-0.030185448
2026-06-15 17:00:00,0.14333387
2026-06-15 18:00:00,0.35428447
2026-06-15 19:00:00,0.6056621
2026-06-15 20:00:00,0.8226927
2026-06-15 21:00:00,0.9075196
2026-06-15 22:00:00,0.78555703
2026-06-15 23:00:00,0.61741596
2026-06-16 00:00:00,0.4254755
2026-06-16 01:00:00,0.2250177
2026-06-16 02:00:00,0.03422484
2026-06-16 03:00:00,-0.11918105
2026-06-16 04:00:00,-0.15879561
2026-06-16 05:00:00,0.0388499
2026-06-16 06:00:00,0.28508192
2026-06-16 07:00:00,0.602913
2026-06-16 08:00:00,0.9090154
2026-06-16 09:00:00,1.130626
2026-06-16 10:00:00,1.183176
2026-06-16 11:00:00,1.0200759
2026-06-16 12:00:00,0.8264607
2026-06-16 13:00:00,0.6108194
2026-06-16 14:00:00,0.39573422
2026-06-16 15:00:00,0.19642386
2026-06-16 16:00:00,0.03255168
2026-06-16 17:00:00,0.015268649
2026-06-16 18:00:00,0.20934331
2026-06-16 19:00:00,0.43888342
2026-06-16 20:00:00,0.7018984
2026-06-16 21:00:00,0.90859085
2026-06-16 22:00:00,0.96232
2026-06-16 23:00:00,0.8176019
2026-06-17 00:00:00,0.6460399
2026-06-17 01:00:00,0.45032036
2026-06-17 02:00:00,0.2518418
2026-06-17 03:00:00,0.06609923
2026-06-17 04:00:00,-0.07930877
2026-06-17 05:00:00,-0.06919465
2026-06-17 06:00:00,0.14924371
2026-06-17 07:00:00,0.41201907
2026-06-17 08:00:00,0.74064237
2026-06-17 09:00:00,1.0339178
2026-06-17 10:00:00,1.2327796
2026-06-17 11:00:00,1.2296051
2026-06-17 12:00:00,1.0412257
2026-06-17 13:00:00,0.8423765
2026-06-17 14:00:00,0.62057406
2026-06-17 15:00:00,0.40753597
2026-06-17 16:00:00,0.21202394
2026-06-17 17:00:00,0.06668919
2026-06-17 18:00:00,0.1104897
2026-06-17 19:00:00,0.31660357
2026-06-17 20:00:00,0.54797125
2026-06-17 21:00:00,0.80324256
2026-06-17 22:00:00,0.97851527
2026-06-17 23:00:00,0.98217326
2026-06-18 00:00:00,0.82416064
2026-06-18 01:00:00,0.65048695
2026-06-18 02:00:00,0.4562715
2026-06-18 03:00:00,0.2649334
2026-06-18 04:00:00,0.09049369
2026-06-18 05:00:00,-0.03445402
2026-06-18 06:00:00,0.04471596
2026-06-18 07:00:00,0.2724082
2026-06-18 08:00:00,0.5508206
2026-06-18 09:00:00,0.8704676
2026-06-18 10:00:00,1.1399208
2026-06-18 11:00:00,1.2889019
2026-06-18 12:00:00,1.2111471
2026-06-18 13:00:00,1.0238395
2026-06-18 14:00:00,0.8226253
2026-06-18 15:00:00,0.6074781
2026-06-18 16:00:00,0.40702808
2026-06-18 17:00:00,0.23051004
2026-06-18 18:00:00,0.12456234
2026-06-18 19:00:00,0.23369509
2026-06-18 20:00:00,0.44100696
2026-06-18 21:00:00,0.6749418
2026-06-18 22:00:00,0.9137741
2026-06-18 23:00:00,1.0558822
2026-06-19 00:00:00,1.0138495
2026-06-19 01:00:00,0.8571989
2026-06-19 02:00:00,0.6845951
2026-06-19 03:00:00,0.49518973
2026-06-19 04:00:00,0.3143201
2026-06-19 05:00:00,0.15763035
2026-06-19 06:00:00,0.08595144
2026-06-19 07:00:00,0.23841679
2026-06-19 08:00:00,0.46794024
2026-06-19 09:00:00,0.7564469
2026-06-19 10:00:00,1.0407281
2026-06-19 11:00:00,1.2609395
2026-06-19 12:00:00,1.3303947
2026-06-19 13:00:00,1.1853442
2026-06-19 14:00:00,0.99992824
2026-06-19 15:00:00,0.7882205
2026-06-19 16:00:00,0.5805926
2026-06-19 17:00:00,0.394502
2026-06-19 18:00:00,0.23942576
2026-06-19 19:00:00,0.18039249
2026-06-19 20:00:00,0.32565293
2026-06-19 21:00:00,0.52454984
2026-06-19 22:00:00,0.7575084
2026-06-19 23:00:00,0.96854407
2026-06-20 00:00:00,1.0821835
2026-06-20 01:00:00,1.0196545
2026-06-20 02:00:00,0.86991036
2026-06-20 03:00:00,0.7031861
2026-06-20 04:00:00,0.52607673
2026-06-20 05:00:00,0.35954264
2026-06-20 06:00:00,0.22719786
2026-06-20 07:00:00,0.21419033
2026-06-20 08:00:00,0.3908099
2026-06-20 09:00:00,0.6117374
2026-06-20 10:00:00,0.88325006
2026-06-20 11:00:00,1.1289297
2026-06-20 12:00:00,1.2872137
2026-06-20 13:00:00,1.2762576
2026-06-20 14:00:00,1.1108978
2026-06-20 15:00:00,0.9291187
2026-06-20 16:00:00,0.7248433
2026-06-20 17:00:00,0.53607166
2026-06-20 18:00:00,0.36769342
